,odom,height
0,0.0,0.23162626841849998
1,0.422467885332943,0.2512944891778812
2,0.8580336613331032,0.2696351582913803
3,1.3534026645326724,0.2888607447771461
4,1.816178408354606,0.30845254102807274
5,2.341163597775756,0.33091288410206654
6,2.8319576791944927,0.35575359716282406
7,3.3364864983493563,0.3830814380406897
8,3.9032158222765223,0.41282004156647645
9,4.432584376414407,0.43752325072760856
10,5.0255994770189725,0.4740671381440411
11,5.572364384865398,0.5171723285799614
12,6.130344375374313,0.5580344101253485
13,6.754798709021716,0.5999644378059734
14,7.338558356233443,0.6399108425845064
15,7.993297298314781,0.683641229835914
16,8.602058494162733,0.7205662312871928
17,9.224568973779114,0.7548513732121831
18,9.926841700146838,0.8027928894006464
19,10.575398929151032,0.85003255564654
20,11.30464362770039,0.916620101645824
21,11.976704697956748,0.9852218793485701
22,12.661403388286388,1.0630856436377438
23,13.426947110986234,1.154865125448608
24,14.136859319161964,1.2435776661513116
25,14.929366462637853,1.3489372204911478
26,15.661378367938005,1.451992794286697
27,16.40242483728454,1.55631473918491
28,17.227757153516144,1.6713327252657482
29,18.224530088042386,1.814212552644872
30,18.847351858320483,1.9086011823360698
31,19.63137931499556,2.0214828009995296
32,20.424310491471083,2.133677652349962
33,21.303426532357268,2.247642076806987
34,22.112917862753815,2.3493996412022353
35,23.012813410609255,2.459198104593021
36,23.841923543418947,2.5616878048428946
37,24.68044859473251,2.6639789937617815
38,25.61518334847595,2.7767219016012628
39,26.47603394924195,2.877196969087475
40,27.4344577516946,2.9867809425977594
41,28.316924895974353,3.0813047386990338
42,29.210134734027303,3.1706556299595072
43,30.206977074563028,3.2695883747249725
44,31.125700502998416,3.360754673468893
45,32.05665680406975,3.451737672285425
46,33.09283210643104,3.5500441528685913
47,34.05839290604065,3.643132379844671
48,35.13881392543681,3.750349402323928
49,36.13790218860139,3.851432719863956
50,37.144497345278786,3.950486416231633
51,38.26369469761515,4.057382241856588
52,39.28813245148777,4.155336867348259
53,40.42037008499773,4.266016419881298
54,41.45005110909873,4.3688992617995135
55,42.47873942027918,4.47054598931135
56,43.609078819179324,4.578386875827338
57,44.63457089816942,4.670328703001682
58,45.77028854169464,4.7705703204136025
59,46.81165970949518,4.861580941764109
60,47.84679408801559,4.9529424294659945
61,48.98285766481281,5.054175375097447
62,50.00687666624666,5.136778104106647
63,51.032242886486415,5.220937052845105
64,52.15991526999181,5.313700938035923
65,53.187845316247014,5.407091110501122
66,54.32103374516557,5.51723435735455
67,55.35356229854683,5.617139675963175
68,56.38760328937179,5.706806166627029
69,57.52701086860376,5.793007763781608
70,58.564465548407064,5.8744188796453605
71,59.60048997930865,5.952961212586377
72,60.74276011457265,6.045326823126553
73,61.78271891836068,6.135724904080773
74,62.930622608003056,6.240556555171564
75,63.97558334794847,6.333792402821862
76,65.02452171181108,6.426478736150684
77,66.1822286487462,6.529799155986284
78,67.23908120052299,6.6254910757628664
79,68.40562455064467,6.730870994040119
80,69.4707728890204,6.828652966635849
81,70.53984569746194,6.929013484638691
82,71.71874043831062,7.04412792337255
83,72.79462146928871,7.147051575971112
84,73.8793119591508,7.255605503799405
85,75.0785813085205,7.372367152099414
86,76.17512500049189,7.483697724240651
87,77.38304671859724,7.606333530321499
88,78.48516494554372,7.719983008845357
89,79.59193969168057,7.829451345395703
90,80.81379818003184,7.951582892356725
91,81.93025378936699,8.063324344327352
92,83.05112583558378,8.175538626367524
93,84.28988215577311,8.307847026183728
94,85.41722511385488,8.419542031359903
95,86.66157957998271,8.542297957192773
96,87.79962177106304,8.653763583726725
97,88.9459472814467,8.764481240808239
98,90.21067637524456,8.887007403394975
99,91.36429587890767,9.002073357468536
100,92.52212948504238,9.123303627644907
101,93.80070075063034,9.263574985637392
102,94.96660921473298,9.38947396738714
103,96.25440199028681,9.528005322793458
104,97.43053492491774,9.654163260251929
105,98.60860990221208,9.77659788093536
106,99.9086818013002,9.905149329957734
107,101.09409446488183,10.02498954213238
108,102.28317282678603,10.148308566518308
109,103.59456316866674,10.290912703647123
110,104.78918283770452,10.421769190142088
111,105.98814719268877,10.547162841453352
112,107.31062908942975,10.68412061293752
113,108.51784148276329,10.810032679332783
114,109.84883239842848,10.950835257058804
115,111.06369510252759,11.079371446166252
116,112.28294565523625,11.210379361075725
117,113.627796443794,11.354400872099722
118,114.85326995556797,11.481441089975602
119,116.07974935667629,11.605749805483336
120,117.4325352908749,11.744155414154392
121,118.66208550898172,11.874216319416151
122,120.01424431191174,12.020723991224225
123,121.24157364554267,12.158581828338887
124,122.46646299846438,12.300101643691729
125,123.80837090020576,12.451781608173462
126,125.02295985094949,12.583489785800507
127,126.23265916689776,12.712146104068342
128,127.55805717912757,12.852961436386703
129,128.7563275121366,12.979420284081526
130,130.0664195997987,13.10903543727699
131,131.23598914884354,13.233083512582631
132,132.39435829787394,13.359099989436004
133,133.66631250079502,13.490836268195487
134,134.80887884728332,13.603196111256356
135,135.94398829161432,13.714457241991953
136,137.1781716751298,13.836992574996456
137,138.28980265617716,13.947948712702475
138,139.50054575687568,14.068973569434117
139,140.59460762480376,14.179685459194252
140,141.6828542773589,14.289527472991734
141,142.8797946547252,14.402006759220997
142,143.96303304758843,14.507362197339901
143,145.04190616785277,14.610565992200337
144,146.22360215406266,14.724341725575908
145,147.29465607058674,14.825836140164691
146,148.467894523482,14.9394283387695
147,149.53063634896716,15.038145236290887
148,150.58979129376303,15.136373598951169
149,151.7574506292483,15.241694620240484
150,152.81801248365454,15.338747460511113
151,153.98036861922262,15.443518656870951
152,155.03257407489622,15.527891075512882
153,156.0762623471036,15.612965344751649
154,157.21618015543913,15.704888307253816
155,158.24233779623927,15.794814782851667
156,159.26194721571926,15.883215295396178
157,160.3717115962046,15.98795561075477
158,161.37249605953022,16.08029290267968
159,162.46249916459732,16.181157473125765
160,163.44528399183645,16.266964020100907
161,164.41888106897525,16.354464330958685
162,165.4807832799578,16.45169735015265
163,166.43669864160972,16.541547612359146
164,167.38509084255293,16.631046937510412
165,168.41937071999374,16.725533515935016
166,169.35227092899606,16.808883586734332
167,170.369151997307,16.898945192901337
168,171.28026930626834,16.979121678056146
169,172.16954009604254,17.050250122889835
170,173.14261639977042,17.129997432316298
171,174.00469544698666,17.199173194999084
172,174.8635938488504,17.269462810064383
173,175.79821873880113,17.345334984810734
174,176.64353085236394,17.412878134729965
175,177.56085467833762,17.48124318853344
176,178.38861505272473,17.540745203088612
177,179.211192437564,17.59826362038116
178,180.11161244033028,17.662692052554046
179,180.93023626675742,17.724131922866725
180,181.8273264336999,17.79124581983665
181,182.64183190763873,17.850579942288793
182,183.4534251883424,17.91249284546401
183,184.34873766295942,17.979927041535944
184,185.15825630895725,18.04963716897178
185,185.96955861539172,18.106468759828896
186,186.86424099773095,18.166929547724948
187,187.6818822237297,18.22072433054558
188,188.58270025341878,18.28057447587576
189,189.40566963418837,18.33110364452072
190,190.2326125034816,18.37697874619291
191,191.15237563923858,18.419097476745154
192,191.99559465170157,18.46085208539486
193,192.84772583076443,18.502697941157987
194,193.79579339644565,18.551956718373898
195,194.66834901140695,18.592077562264507
196,195.63967191491778,18.63330936990885
197,196.53470874774615,18.66850083615594
198,197.44143664444016,18.70466844289551
199,198.4516133857781,18.742099460565253
200,199.38215049341858,18.77429893784209
201,200.32319789432057,18.805384163782193
202,201.37177918340964,18.838922866089586
203,202.33626957036833,18.869732623043518
204,203.41081375089578,18.904933631894114
205,204.3992599247989,18.941098431105612
206,205.39932651704635,18.984999217200123
207,206.51271836224564,19.031917919941616
208,207.5367420830999,19.07238489707747
209,208.67460970432126,19.111902518296198
210,209.71804665948764,19.152949041440138
211,210.7732515222507,19.192469451530624
212,211.94667711771478,19.235206246347946
213,213.02554084507366,19.26785980706905
214,214.23167475224136,19.30083046767771
215,215.3372322712437,19.32313824559601
216,216.45263528308746,19.34160074951522
217,217.69689027541074,19.355955352761832
218,218.8381745213658,19.373349490041317
219,219.99649572677998,19.389370171208405
220,221.2866779335217,19.400916653247208
221,222.47245955222218,19.411703309212896
222,223.7803879153667,19.427018705974486
223,224.98189583524828,19.43986536058039
224,226.18997393163298,19.45361233808583
225,227.53329399718896,19.468912562291433
226,228.76786062279047,19.481728745783123
227,230.01242527929838,19.499992332999824
228,231.39124330450792,19.52899513626982
229,232.65506858960828,19.55415589030757
230,234.05922495471435,19.58724816218952
231,235.34608905626982,19.62238825355975
232,236.64308633064272,19.667141495115228
233,238.08289155975297,19.720192339083052
234,239.4072111669584,19.780662155651843
235,240.73902517622807,19.841422066667317
236,242.21186407838798,19.905749666280617
237,243.55735357616126,19.965380799275
238,245.04978212432977,20.04040495482005
239,246.41650387093165,20.105315670070205
240,247.79096641990398,20.165404805978493
241,249.31301293455135,20.235394188892066
242,250.7064318177397,20.304822288775814
243,252.10990621807454,20.38029304546261
244,253.65876618902703,20.46685442251145
245,255.0817598110978,20.555646658839404
246,256.65011432517707,20.661465512098896
247,258.0888710493681,20.759520932806577
248,259.5295073919677,20.8606137658603
249,261.1237457266609,20.977131377173436
250,262.5760661121932,21.08396337979109
251,264.1814290960543,21.20792944676852
252,265.64193076978034,21.323445740031005
253,267.1060702169904,21.44186215031033
254,268.72398343201496,21.581639749988792
255,270.19608637134485,21.714508228728835
256,271.67444651685315,21.851909375329868
257,273.2999215765796,22.00299689036969
258,274.78292208262695,22.141361203178338
259,276.41553410467463,22.294159560405497
260,277.90543140700055,22.43786604678776
261,279.39556624967076,22.586685054549207
262,281.0392624138754,22.76054299597964
263,282.5328028261768,22.917069200162192
264,284.02043650875197,23.07225335583417
265,285.64682792987753,23.242543375872344
266,287.11258408735927,23.393594250191452
267,288.70993154160493,23.553937705111267
268,290.14944698509396,23.69911595392653
269,291.58149930554015,23.84759096868381
270,293.1421784449836,24.00989072710014
271,294.5500184742977,24.15288984953583
272,295.94405052543993,24.291770172047297
273,297.4637701947576,24.43899765033872
274,298.8311308422388,24.567290527908952
275,300.1865488433193,24.69364647244954
276,301.6627197147557,24.82955535642131
277,302.9918526639379,24.952434300041553
278,304.4389944520944,25.085339211636477
279,305.74289242623837,25.204664557783204
280,307.03292791567554,25.319077337571024
281,308.434356873334,25.444691179223593
282,309.6956500509732,25.564613872428914
283,310.94496727313606,25.694836874971124
284,312.3055429634875,25.844637987264164
285,313.5299859009041,25.97809716906979
286,314.86736575359095,26.124832759691934
287,316.07294456080837,26.256782674521315
288,317.2704904249887,26.3854830109851
289,318.57590185477784,26.5244998031487
290,319.7535844195027,26.648501553428538
291,320.9204076359586,26.770062367664003
292,322.19281510160914,26.911598494594617
293,323.33696733316424,27.04191898829824
294,324.5832548351507,27.177703566626317
295,325.70122050329525,27.297175681783223
296,326.806014045689,27.408743940800065
297,328.0058700667693,27.52627961517649
298,329.0835571931368,27.631805488882257
299,330.14859251572506,27.740596662878794
300,331.30560849007526,27.859627558089723
301,332.3503658537674,27.96706059958396
302,333.49208511473574,28.102036831678188
303,334.52169373857555,28.219037024678208
304,335.5395190277562,28.320289935497946
305,336.6474142068834,28.422398140472758
306,337.6465814082894,28.51431212082452
307,338.63978958659555,28.60984219946767
308,339.72493617718703,28.71762573099678
309,340.7054891535373,28.81278900614396
310,341.77623696192194,28.919396831268084
311,342.74529571325627,29.016008941646977
312,343.71123808989506,29.115764098073406
313,344.7692990036723,29.228886350931873
314,345.7271118153992,29.32940370180328
315,346.6807889214398,29.425465015720842
316,347.7286510575148,29.533626815984448
317,348.6779411854693,29.633700331419018
318,349.71933432500254,29.74166281818254
319,350.66320056972205,29.839584024209916
320,351.6041412201508,29.935566952676723
321,352.63472336173857,30.035166267218667
322,353.57013052155645,30.12608254120689
323,354.5038122298155,30.22055369258197
324,355.52836898985527,30.325080265421224
325,356.4584517030044,30.422327728728938
326,357.38703816322175,30.523175829911803
327,358.40655785629974,30.629242270664204
328,359.3307010743455,30.722597514845155
329,360.3453357456032,30.820713347764276
330,361.26577200681095,30.911397601784547
331,362.1837390225501,31.002737677697507
332,363.18880225338717,31.100760662517555
333,364.09647239909935,31.188315644605687
334,365.09212530861976,31.288321222196135
335,366.00057398604497,31.380178153967375
336,366.9126119138285,31.46983754499838
337,367.9199745616147,31.562716112202114
338,368.84281073184235,31.64968949028475
339,369.76985772572465,31.738829391699475
340,370.7973969273091,31.841488179447428
341,371.7332531424418,31.934228731787208
342,372.7697399350616,32.04097637015054
343,373.71380063979484,32.14343610835985
344,374.66133692060737,32.247040010881776
345,375.70656707708963,32.36268261568282
346,376.65780661127485,32.45923653392019
347,377.61075522843436,32.552280744472796
348,378.6604754621811,32.66075078383449
349,379.61610869132545,32.760004472845324
350,380.6647140243904,32.8667035512773
351,381.6157887148761,32.96519343129317
352,382.5664422535305,33.061287169246754
353,383.61335949235644,33.168106659406746
354,384.56429241345364,33.26952453890217
355,385.51518208590875,33.368744647614534
356,386.5592002458358,33.47318187724635
357,387.5082105480394,33.56738068091418
358,388.55150945626536,33.675356772934364
359,389.5001743872003,33.77758071295349
360,390.4477909065826,33.87901074173135
361,391.4903394488889,33.98941125683026
362,392.43775420130765,34.089131264451325
363,393.38439519759964,34.18856091845957
364,394.4220453880344,34.294153525305596
365,395.36233184939135,34.38984400439222
366,396.39369131764266,34.49172788956349
367,397.32599917616756,34.58898924772773
368,398.2550296820264,34.68553306534811
369,399.26964248741507,34.78810240807572
370,400.1897772719802,34.882738217628074
371,401.1981769324544,34.98164445426866
372,402.11107383792114,35.066498465190556
373,403.0215017533666,35.14823932492632
374,404.01883107728054,35.23914863905036
375,404.92419818762835,35.32218568126243
376,405.8265459207934,35.401010930145695
377,406.81883744893594,35.48477790594865
378,407.7143521163927,35.56018445888404
379,408.61328378962054,35.63679602746717
380,409.6019927342428,35.72143142434748
381,410.50338817289594,35.798667656053034
382,411.4959579275345,35.88029607466523
383,412.4020750210365,35.95272499986081
384,413.31511827532427,36.03426229696745
385,414.32521008054675,36.12653885777866
386,415.242767269165,36.203497913585544
387,416.25357261261735,36.28484901723822
388,417.17180311877297,36.35300354245808
389,418.0940162815877,36.425247110354036
390,419.1095840021665,36.50531635121749
391,420.035129760661,36.58131341821933
392,420.9608725193387,36.65242761356612
393,421.98019074272185,36.726819927591905
394,422.9089234405043,36.79074676348301
395,423.93288778613913,36.85656311441753
396,424.86671893337115,36.91174625354848
397,425.8027037855195,36.968241449744674
398,426.8391622756478,37.03427078777415
399,427.7861880874606,37.09078081536292
400,428.73479523893275,37.1460699248482
401,429.77643909060697,37.202333112024995
402,430.72516690057483,37.25278490584538
403,431.7664577455649,37.30576709263055
404,432.7125231339203,37.35592873014293
405,433.65679980177623,37.40268746559295
406,434.69437801967723,37.45093889049206
407,435.6364135899164,37.493882538612276
408,436.57822943966744,37.534903425763154
409,437.6151316492333,37.579888824081166
410,438.836152997302,37.62782899344489
411,439.58668399813536,37.654114288720244
412,440.521743743253,37.68532268185218
413,441.45866695413974,37.716027093406616
414,442.4874936083327,37.74712527988822
415,443.4236121901003,37.77874461540226
416,444.35863023992823,37.805267159845044
417,445.3883652828063,37.82652221446884
418,446.32576531144747,37.84626892189093
419,447.3602545410897,37.868438280949306
420,448.3038893497157,37.88855001150826
421,449.2513395072347,37.910766898140324
422,450.29867482478346,37.931484646704696
423,451.25476707765506,37.94814607490602
424,452.2173715202614,37.9624722659075
425,453.2818470892634,37.9798156767351
426,454.25538258417083,37.99351488431991
427,455.3299026086335,38.00170167737335
428,456.3129329128389,38.00123947934842
429,457.29960117595186,38.00094454306873
430,458.3907521227216,38.000752032761405
431,459.3874504695321,38.00164580117282
432,460.3879335216812,37.996694823364386
433,461.4940530344202,37.98603249051318
434,462.5030790314421,37.97786060071619
435,463.51737826019223,37.967368674300175
436,464.6369721687145,37.955895503513275
437,465.66072149718684,37.9412060216891
438,466.7910961013737,37.92730522279939
439,467.82262992537653,37.911378604255546
440,468.8575844210503,37.89694691614285
441,470.0021676992142,37.883105362898974
442,471.04772013991806,37.872029365094065
443,472.2015345510963,37.852449234114715
444,473.25485690531184,37.83133190990385
445,474.3128522752913,37.80969525891996
446,475.4816891690314,37.78751944866832
447,476.54761753256406,37.76145684449622
448,477.61672744710006,37.73565324479283
449,478.7984510901348,37.715078255667365
450,479.8763441300843,37.703098266537836
451,481.0682344820434,37.69323403454072
452,482.1552310011529,37.68262655057924
453,483.2447631778199,37.672507062436964
454,484.44679635534936,37.65888804225109
455,485.5429016498843,37.64956129286226
456,486.64211696640405,37.642324684738696
457,487.85325444683303,37.63689853545419
458,488.9545290355335,37.63295722752909
459,490.1643225944221,37.62621827015154
460,491.26249696500076,37.62158987723099
461,492.36180398383095,37.61786139050538
462,493.56781759678495,37.61383755650613
463,494.6610186514516,37.607926529763816
464,495.75289178002674,37.6009623140407
465,496.9517977774666,37.596556023664945
466,498.03847189397885,37.59188006004479
467,499.2303164626499,37.58143080758815
468,500.3111479457663,37.571596938512
469,501.38988304568716,37.562525762210086
470,502.57292518420905,37.55128227603032
471,503.64507781101037,37.5391742002429
472,504.71496503825955,37.526669188839435
473,505.8911584850424,37.51473833558917
474,506.9599876613033,37.50421645404843
475,508.13370018577405,37.490499915868
476,509.20114824045044,37.4804659544085
477,510.2673078988662,37.47020297721414
478,511.43845637793413,37.46063626039391
479,512.5017741535584,37.451990412401585
480,513.5644679470398,37.44407680315355
481,514.73267745509,37.43753074677363
482,515.792727531647,37.431615719530626
483,516.9588178003515,37.4310049596551
484,518.0164961508505,37.430216571833526
485,519.0728523795922,37.42797844974156
486,520.2291532417029,37.41828850194827
487,521.2780051150972,37.41292232197303
488,522.3243002374351,37.407846013139505
489,523.4690085091501,37.40535820489603
490,524.5015580591564,37.403410297591606
491,525.6259709272949,37.40345611970956
492,526.6350355777579,37.4027298518907
493,527.6322100077377,37.40111909454525
494,528.7131469413415,37.400525996206014
495,529.6813315990554,37.399954216096376
496,530.7266000441881,37.399500190141325
497,531.6624984935851,37.39699212319336
498,532.587053438236,37.39222626650587
499,533.597061255711,37.38843216094543
500,534.5115819644498,37.38601645018527
501,535.4221577681807,37.38544713671381
502,536.4197243707955,37.38147007849631
503,537.3237247272355,37.37667407233191
504,538.2244345780387,37.37372438134649
505,539.209432625413,37.37156320740063
506,540.0996975842207,37.37071944807242
507,541.0758360313714,37.36799380799047
508,541.9604078212392,37.36502906441572
509,542.8407187895899,37.362308583907364
510,543.8058080840844,37.36220767058212
511,544.6829453875654,37.3580681615891
512,545.5616808786417,37.35545442859144
513,546.5293029704317,37.35700129800043
514,547.4087494596902,37.36085735053554
515,548.3734225848937,37.363610057687055
516,549.2525427882864,37.37031986184432
517,550.1348986945425,37.376693983374835
518,551.1084988425463,37.3860540298422
519,551.9992901642232,37.395754641044775
520,552.8976584002697,37.40296787328843
521,553.8939122420071,37.41850719201025
522,554.8064503019397,37.42401087642379
523,555.8179292950053,37.41743936352373
524,556.7464126516752,37.41606031330127
525,557.6859558941975,37.424507174910175
526,558.7288411529287,37.441721869039085
527,559.6845978906942,37.45813244200512
528,560.7435594059816,37.47510152774352
529,561.7179565749616,37.488764005694364
530,562.7033543161767,37.50360059489361
531,563.8012461638746,37.52605997268475
532,564.8117222060841,37.552415158403036
533,565.9361342812002,37.58323448606794
534,566.9684981211601,37.6091303177914
535,568.0106473801194,37.632278820238184
536,569.1676125294457,37.65749572442566
537,570.226620522288,37.680948110861536
538,571.4022776457058,37.70842184725184
539,572.4734553815,37.739349938652424
540,573.5519629595151,37.77354280195671
541,574.7423609204685,37.817647167918
542,575.8258867589911,37.85985036581833
543,576.9074118786355,37.90090923825595
544,578.0980557150222,37.94588316768646
545,579.1800511371791,37.98666739002526
546,580.3707832499497,38.03341148361575
547,581.4526989688572,38.07791897310817
548,582.5335692528622,38.123403122142534
549,583.7194234986617,38.17203974232754
550,584.7936171426932,38.21578488607325
551,585.8645127585829,38.258416425237186
552,587.0391514203907,38.30896126084217
553,588.1039112805379,38.35989396623616
554,589.2716419599304,38.418831479643316
555,590.3301228543302,38.47118359968097
556,591.3878975089182,38.5226507115033
557,592.549915716616,38.58135961501583
558,593.6070744600253,38.63226222843463
559,594.6653830105002,38.68589608376911
560,595.8315721742795,38.75505716472459
561,597.1066780542842,38.82065655430576
562,598.0650748313352,38.870054301617955
563,599.129627263524,38.92797538889444
564,600.1966587278498,38.98623194335012
565,601.3709755412833,39.04890718291982
566,602.4406671382874,39.098114840666256
567,603.5114321658427,39.14597950454203
568,604.6926170850593,39.19708752479329
569,605.7688089730492,39.24287629882305
570,606.9554552140305,39.29257989032915
571,608.0360086633673,39.33917686034084
572,609.1183956581647,39.38603299544884
573,610.3094316569096,39.43871138454048
574,611.3909614877952,39.484636499994
575,612.5798172766686,39.53349997563454
576,613.6588531942132,39.57545766475647
577,614.7340635059948,39.61540126799319
578,615.9152885557825,39.65506348340388
579,616.9896589104077,39.69061207338561
580,618.0611677472942,39.72901393445743
581,619.237796126322,39.76968265649957
582,620.3058228406105,39.803781355660945
583,621.4788966815121,39.83967382403979
584,622.5400244862484,39.87162090922767
585,623.5963517212992,39.90369006710918
586,624.7546221845345,39.93790417518595
587,625.8038013023513,39.97181962641139
588,626.848195670875,40.0015543032345
589,627.9925679332598,40.028642685540945
590,629.0273424915844,40.05030569706558
591,630.1600191238159,40.07252677822301
592,631.1851820300552,40.09267934939744
593,632.2048469825284,40.1126031377034
594,633.3206601863072,40.13310037844258
595,634.3302164803504,40.15415360977195
596,635.3350246874909,40.17613770556572
597,636.433021876389,40.198588739610955
598,637.4253781512638,40.21695704951405
599,638.5100085163101,40.2331372653061
600,639.4900082730535,40.248149167667066
601,640.4654706258484,40.26192529026379
602,641.533376378279,40.27487120360874
603,642.4976344062816,40.2865572853032
604,643.4560278670295,40.29470364624831
605,644.5059538062397,40.29463472685667
606,645.4569752309346,40.29565552213792
607,646.4979542676452,40.29595305577644
608,647.4382942250386,40.298317005564996
609,648.3748374767547,40.29779743336738
610,649.39848441672,40.297866916373465
611,650.3262557693046,40.29638625617282
612,651.249519721836,40.291503059926
613,652.2671040149235,40.284217771369484
614,653.1840309654323,40.272575136349104
615,654.0969085544746,40.25955936114478
616,655.0975575813563,40.248933200157694
617,656.0034309528723,40.237397798717666
618,656.994203217537,40.22494105592712
619,657.887730061538,40.21111750399744
620,658.7738077019909,40.19915597894821
621,659.7370082520348,40.185586894511474
622,660.6044135997292,40.17226816080061
623,661.4611406763524,40.15895003047258
624,662.3921434508989,40.14561149839089
625,663.2239067151612,40.13113520783712
626,664.1249649877489,40.11325139987683
627,664.9292775827843,40.097403490291114
628,665.7226769372811,40.083219449138355
629,666.5856482246195,40.067992934397296
630,667.3645000825518,40.05606794511334
631,668.1391355225805,40.0430292431966
632,668.9876662255377,40.029771652741005
633,669.7590996475931,40.01891492463356
634,670.6048417779881,40.00699991973738
635,671.3744247076428,39.99782131664226
636,672.1422848272035,39.98794072487206
637,672.9870622463393,39.97805442478109
638,673.7543453290356,39.96934814716499
639,674.5974997667951,39.95657722755551
640,675.3620822975419,39.937967384447134
641,676.1264525571297,39.91513052028715
642,676.9672986430236,39.88639768087333
643,677.7312515882463,39.86305629768651
644,678.5744884048354,39.832567387138596
645,679.3406369639598,39.80074104068798
646,680.1075364230712,39.769677196828766
647,680.9511714428853,39.7362268058741
648,681.7207113575406,39.70809179477004
649,682.4915466359391,39.67984958112619
650,683.3428269217244,39.647648900106105
651,684.1195794635022,39.614568770225546
652,684.9781462459081,39.576400975387315
653,685.7625592218473,39.54019195288765
654,686.5503316326244,39.50331122002149
655,687.4215967215778,39.46167847887254
656,688.217183389043,39.42212682680497
657,689.096713670659,39.376327856315655
658,689.8998410859529,39.334349543898014
659,690.7075858399279,39.29429354637185
660,691.599413643628,39.247974998165546
661,692.415697874696,39.20527873481255
662,693.235289450362,39.162429754141996
663,694.1418244340641,39.11714805918926
664,694.9690981887418,39.07568735421417
665,695.8843183794397,39.02994768749845
666,696.7204923958552,38.989585438702164
667,697.5580742695639,38.947651560659
668,698.481883498163,38.896876629089306
669,699.3238371293155,38.84641335729374
670,700.1690114693727,38.801336366220255
671,701.1002906500888,38.74876110200597
672,701.9499549212794,38.7033792299777
673,702.8021029768964,38.66307884586652
674,703.7424877688778,38.62046847347044
675,704.5980153149499,38.57592697541959
676,705.5393743546523,38.52562739010493
677,706.3928902266797,38.47795940509316
678,707.2456584856974,38.430048119567815
679,708.1814197701219,38.3763795342451
680,709.0271088466143,38.32699042201703
681,709.8688202600707,38.27909790924231
682,710.7899188267249,38.22448722483078
683,711.6291948437602,38.17508609965374
684,712.5523536019006,38.11728820277864
685,713.3959108284022,38.06517245926129
686,714.2412402776827,38.01246204949622
687,715.173608778595,37.952575390512564
688,716.0235572689302,37.88993272720592
689,716.8775572079766,37.82497128842246
690,717.8228286302387,37.759684949670756
691,718.6859286810284,37.70212509576288
692,719.6392084427661,37.62939390459576
693,720.5086533731433,37.558957349192184
694,721.3812653376921,37.48479853014396
695,722.3450977570521,37.400840102734804
696,723.2248518296135,37.32520328040809
697,724.1090240535594,37.252360083587035
698,725.0865308510173,37.16835956177499
699,725.9819726607396,37.089842230989746
700,726.9734833529558,37.002456627094574
701,727.8807907946297,36.92020326733217
702,728.7935390302629,36.83694399385857
703,729.8040310975451,36.74692292347399
704,730.7288720551792,36.66551279564166
705,731.6592799784077,36.584348324472046
706,732.6891508563547,36.49370646792801
707,733.6301814600322,36.41045482251553
708,734.6717039031902,36.31470529929487
709,735.6247174458583,36.22686435287906
710,736.5826650509996,36.136339476975536
711,737.6419434832516,36.032798205950286
712,738.6115144295345,35.93884349736433
713,739.5871404065397,35.84722493910397
714,740.6692912035945,35.74745811508569
715,741.659184937551,35.65605663693648
716,742.6527936887336,35.559209653586095
717,743.7523886048796,35.44977439098611
718,744.7588967451628,35.34929915639708
719,745.8713624517407,35.238143620184985
720,746.8885782347302,35.13889309076808
721,747.9100560629558,35.04036167257817
722,749.0410381579998,34.93176087952355
723,750.073712028924,34.83189050457699
724,751.110273850207,34.728634342249734
725,752.2574569971786,34.61619420362237
726,753.307850902444,34.51899914094619
727,754.4704595832345,34.41097250106452
728,755.5300045465458,34.31100362601279
729,756.5943502841689,34.21402729917651
730,757.7701043455668,34.11218615718403
731,758.8452942196175,34.02275119213061
732,759.9242331130373,33.928190911414504
733,761.1155661598144,33.821136943112634
734,762.2018691061124,33.72502365311567
735,763.2920754419848,33.62729418394977
736,764.4971921040133,33.5161857501582
737,765.5964567436157,33.41786323663587
738,766.8109244449087,33.312051469472834
739,767.9191040292379,33.21369942438122
740,769.0328352694575,33.11180746379668
741,770.264128278751,32.9983056002325
742,771.3903202483682,32.89177472281236
743,772.5218946607787,32.78316860312046
744,773.774223903047,32.66127406881225
745,774.9166158875423,32.546244253126474
746,776.1794562147699,32.41484378424434
747,777.3334841292876,32.29712844784413
748,778.4938105397979,32.18215968974803
749,779.7766922406263,32.05767155714295
750,780.9509415342816,31.945098365066485
751,782.1302481591011,31.830785696850313
752,783.4332273159039,31.69967505999915
753,784.6237354420915,31.57642056569381
754,785.9399107991172,31.438199519969743
755,787.1422800627605,31.310779477579274
756,788.3500327148704,31.182459194618446
757,789.6850491256863,31.039919835607265
758,790.9056494676706,30.913933976958617
759,792.1333361033974,30.789000729930763
760,793.4906331394452,30.646963996842686
761,794.7312156365539,30.512493407199486
762,796.1034930118612,30.369190069296366
763,797.35903554346,30.2416163183683
764,798.6241559117951,30.12039006600483
765,800.0257086986074,29.986195835696634
766,801.3052454908809,29.856012433874554
767,802.5906749831987,29.721403824785085
768,804.0126592333426,29.57649735476903
769,805.3132094536571,29.446145676472867
770,806.7511280409666,29.300079178432412
771,808.0651560644344,29.16557692089239
772,809.3852309545798,29.03137967724129
773,810.8454164663041,28.883802164630453
774,812.1791277196064,28.74910108070526
775,813.5187344866857,28.61154621565123
776,814.9987157303289,28.456658946833585
777,816.3488416114737,28.311672323758955
778,817.7038263638053,28.171583541338663
779,819.1954459753905,28.018297281207822
780,820.5531798437664,27.876850290995634
781,822.0478420910065,27.72388457016342
782,823.4085783615603,27.58782378855244
783,824.7706962419201,27.45301393104026
784,826.2685010153612,27.303160151622052
785,827.630474124999,27.166304963207892
786,828.991730831169,27.028884995635195
787,830.4895125836915,26.87579531348223
788,831.8510343122996,26.737718597579004
789,833.3485577667518,26.5863984244576
790,834.7088139428978,26.448961815402242
791,836.0689235415969,26.312531925454124
792,837.5662462929957,26.167160832872582
793,838.9274030954771,26.03312519180247
794,840.284389110246,25.88468500030345
795,841.7717692469103,25.721719201241115
796,843.1225334129554,25.582845805465098
797,844.604454376655,25.43413095801489
798,845.949079291039,25.301512353747057
799,847.2917563079418,25.17064807903475
800,848.7668875029455,25.025441204902194
801,850.1057938753946,24.8874046407108
802,851.44428968946,24.746895608085538
803,852.9147608137471,24.593936193974912
804,854.2504984393204,24.458080874369386
805,855.7151058458848,24.314581564143907
806,857.0429245717094,24.18681303113101
807,858.3668209593565,24.057732144476574
808,859.8186981523663,23.913179551792012
809,861.1344564406467,23.780680758638596
810,862.4459731990836,23.64349755474302
811,863.8838013074763,23.49563425867197
812,865.1867441337953,23.36307457061224
813,866.6161631350878,23.223496619219077
814,867.909707400444,23.096491332404355
815,869.1953481935941,22.970172537767468
816,870.5979857005195,22.830411592900504
817,871.8566455207072,22.705313428831516
818,873.0997411882059,22.5820614812541
819,874.4461300125386,22.450280656773543
820,875.6512629153839,22.329500343977287
821,876.9552601510909,22.197154417401464
822,878.1219524406612,22.0781130634833
823,879.269981935037,21.962764210044185
824,880.5098265275208,21.84099181442258
825,881.616315039953,21.731440707830586
826,882.7016882715695,21.623674396206667
827,883.8719071800122,21.506508799295204
828,884.9164473605938,21.40237285328078
829,885.9478019910348,21.29988406600475
830,887.0699112465547,21.187339024348006
831,888.0809934449541,21.08507682268629
832,889.1814935510088,20.972254301744186
833,890.1715614249314,20.869226009742533
834,891.1521913097882,20.769385212924135
835,892.2245281779666,20.662401528231157
836,893.190893005623,20.565731653612488
837,894.1604838103356,20.471470966789127
838,895.2263970967432,20.369044487457586
839,896.1960019217618,20.273483179228748
840,897.2606338601925,20.169175901881886
841,898.2301048619713,20.072405932822534
842,899.1970089215989,19.968966087128308
843,900.2540062540531,19.852796948779883
844,901.2124004258525,19.746057589300847
845,902.172840672141,19.640796148592955
846,903.2345376036354,19.52692502661324
847,904.200284599562,19.42190453579613
848,905.2640166619333,19.305908551212895
849,906.2330450394427,19.202379493721537
850,907.2085136840251,19.104676845670525
851,908.287034595501,19.002024590389
852,909.2699006487883,18.908421878920706
853,910.261153446575,18.815167775914745
854,911.3609024711444,18.713499131518887
855,912.3633325499774,18.618103559712438
856,913.3709453064652,18.522263059282835
857,914.478654923668,18.408715391587492
858,915.4941160187961,18.302478821341197
859,916.614914141155,18.19213026258609
860,917.6393794048533,18.092434909099694
861,918.6701671798909,17.995819493626527
862,919.8138840726805,17.894969189817573
863,920.8565351478383,17.801859001755645
864,921.9043081092348,17.70801440970604
865,923.0631901570996,17.59920720749514
866,924.1190194309326,17.49843098208558
867,925.2891939569512,17.395432876054258
868,926.3572282531339,17.303517827334105
869,927.4316834834708,17.209678239507042
870,928.6168661433784,17.10124203769189
871,929.700572560741,16.996305996358927
872,930.7855416935987,16.886226456013134
873,931.9847270887889,16.76452526631735
874,933.0800576137564,16.65169585636039
875,934.2842555755122,16.52410172500214
876,935.3892384228127,16.407912635278308
877,936.4979696081399,16.29108155133426
878,937.7170155550282,16.161103240690608
879,938.8336775729751,16.043949736085494
880,940.0664592471375,15.91460981772812
881,941.1918000483986,15.79806468555509
882,942.3205525025888,15.685424962060551
883,943.567831895726,15.570608274938252
884,944.7047432708911,15.474400556355363
885,945.8336146292507,15.37453097325269
886,947.0726823095893,15.26358932484996
887,948.197571457144,15.160362468270392
888,949.4361564629053,15.043759210869268
889,950.5597692316194,14.936000063158929
890,951.6810708008336,14.824899153029918
891,952.9110119291806,14.706266362144106
892,954.0241442033753,14.6029627382118
893,955.2408598993794,14.493317648065101
894,956.3351275444073,14.398041222300577
895,957.4155496928968,14.303299817401353
896,958.5940942447488,14.198586053488981
897,959.6547153489657,14.103708838200674
898,960.6958045655444,14.00462183873185
899,961.8221312610369,13.899668337623211
900,962.8322827782418,13.80447512429049
901,963.9234482413865,13.699372100981492
902,964.900142059041,13.613154075204221
903,965.8601199457635,13.529882625509373
904,966.8936235238591,13.442302305821926
905,967.8183670713275,13.367075696118462
906,968.8159188702155,13.288761063788797
907,969.6973118819687,13.218238554259443
908,970.558192792542,13.149747479999121
909,971.4804356774474,13.075163541899883
910,972.300649307958,13.014794087962684
911,973.185444706334,12.951505179582142
912,973.9730816396558,12.90922079923925
913,974.7511169768783,12.882989985977048
914,975.5908409440317,12.852268892364975
915,976.3418922416099,12.823859935159163
916,977.1544822714538,12.796973338183676
917,977.8783745001992,12.763533555894725
918,978.6055609080913,12.73154449476931
919,979.4037395767597,12.69424214756242
920,980.1300941106338,12.66362951336805
921,980.9244471964365,12.634585818792516
922,981.6527514602773,12.617587569336536
923,982.381538917434,12.606160805350612
924,983.1753203207707,12.5945793140489
925,983.8881744918477,12.575115712037615
926,984.6732041315386,12.546785546284696
927,985.3774835682518,12.510528369716866
928,986.0846856505863,12.476149587719533
929,986.8643494736242,12.442914728874825
930,987.5775110189979,12.414110485695801
931,988.3576945994641,12.378638205518627
932,989.0663718586164,12.352233389573655
933,989.777737281955,12.326654077030838
934,990.5590693362902,12.28924966233572
935,991.2716799175745,12.255342614744137
936,991.9859740450095,12.21650817827998
937,992.7772807211247,12.170974306159792
938,993.4990490748469,12.129456591654645
939,994.2991841280657,12.08903638215645
940,995.0272566633085,12.047871288122678
941,995.7578305336656,12.008232857727535
942,996.5631599184253,11.968518514778822
943,997.296753206438,11.93893846535471
944,998.0994720124804,11.899701011757202
945,998.8317232528137,11.859016757123953
946,999.5652510990235,11.824209039197456
947,1000.3760923804172,11.793493312764838
948,1001.1127181888559,11.764931747783123
949,1001.9212820084898,11.727859002501816
950,1002.6535390248338,11.692085023458219
951,1003.379176615169,11.653292939301252
952,1004.1722905903114,11.61319244802803
953,1004.8835780045865,11.570850831379033
954,1005.6572598023953,11.531274835448471
955,1006.3491989181707,11.493286666547533
956,1007.031531096082,11.45789398645465
957,1007.7746658912705,11.422321992153485
958,1008.4515007816742,11.3906861426469
959,1009.1293506368035,11.363095055209811
960,1009.8741227237233,11.339887060787191
961,1010.5539608209664,11.320645165028509
962,1011.3025468385343,11.299805865966164
963,1011.9837714988856,11.274173896670362
964,1012.6646823745607,11.24521647096637
965,1013.4171547738317,11.21353329219454
966,1014.1042131806663,11.185571885025695
967,1014.7927050768609,11.157932261211272
968,1015.5501806618186,11.12224131239168
969,1016.2364361632623,11.086868108540756
970,1017.0025800543652,11.059466971505714
971,1017.7007042603184,11.042209952399446
972,1018.3992123949267,11.015996983342319
973,1019.1719168919674,10.981077821876681
974,1019.8793538363062,10.943073361387007
975,1020.5966372681066,10.901988619358349
976,1021.3929357593639,10.860499053735992
977,1022.1211296362926,10.827657163410237
978,1022.9283978246341,10.789680013827734
979,1023.669451363222,10.752995438214725
980,1024.417721417399,10.712772338121823
981,1025.2480668322814,10.669260697662509
982,1026.014014851299,10.630550872388966
983,1026.7891444957438,10.597472653676789
984,1027.6484636985228,10.566965187622486
985,1028.4384912380267,10.53912253401711
986,1029.318437009868,10.517833690390205
987,1030.1296549998283,10.493426657909282
988,1030.9490656870012,10.461757339589951
989,1031.8611787808957,10.432308522830596
990,1032.6980547912494,10.398794479415017
991,1033.5451423177071,10.35666001894657
992,1034.4884291803237,10.313312987384421
993,1035.354939668578,10.280854082077013
994,1036.3157551150186,10.245641093820296
995,1037.1967605462899,10.212725378010163
996,1038.087356177583,10.174195123147399
997,1039.0808076753287,10.120368832093476
998,1039.9941345955763,10.070960785212549
999,1040.9173138335989,10.018501661409886
1000,1041.9369231941628,9.973847767739983
1001,1042.8728023226283,9.936236353307294
1002,1043.9123572230183,9.897550041476592
1003,1044.8643020516129,9.861541884278438
1004,1045.8252553340085,9.819141025521674
1005,1046.8857990424488,9.781539499822856
1006,1047.8541582174973,9.748996180666296
1007,1048.8251571951735,9.716193526011239
1008,1049.89461719942,9.683551378615306
1009,1050.8714817470334,9.646293398694866
1010,1051.9485311283652,9.597858820596826
1011,1052.929015196467,9.553948135673267
1012,1053.9134930920625,9.5152867741063
1013,1054.9965257681627,9.478098222450967
1014,1055.976206098662,9.444074817389208
1015,1056.958404208195,9.40825086705243
1016,1058.0396451746922,9.368543686222097
1017,1059.0233543707184,9.332795577670396
1018,1060.106183172781,9.290493944353528
1019,1061.0897280874876,9.255508296651954
1020,1062.0734527362395,9.224520148612243
1021,1063.1535653680037,9.196957362045765
1022,1064.1328953044188,9.176878238172947
1023,1065.1118765063381,9.163237868232699
1024,1066.1883848919515,9.14928439465669
1025,1067.163870012056,9.1427077686333
1026,1068.2364382346962,9.127501796702944
1027,1069.207148619278,9.115598622071104
1028,1070.1778532957246,9.09409712666124
1029,1071.2441336001186,9.068802740517015
1030,1072.2140310217821,9.033841633014902
1031,1073.1829019712454,9.011529218588834
1032,1074.2472638752183,8.99161888858572
1033,1075.2148309238414,8.97363866865814
1034,1076.1798964542113,8.96090656632282
1035,1077.2401596972647,8.93400520027771
1036,1078.2039246021486,8.910819215482604
1037,1079.2646611834168,8.884816432757162
1038,1080.22878421694,8.861156036546959
1039,1081.1926850365285,8.831223628091436
1040,1082.2517034690075,8.799709956791872
1041,1083.2148617298947,8.76445046448626
1042,1084.276366095823,8.722803524133553
1043,1085.2429790295316,8.678113036580811
1044,1086.2076456976406,8.633955678525126
1045,1087.266702717456,8.589116875790722
1046,1088.229391256817,8.550680017849174
1047,1089.1922562038176,8.507527392705384
1048,1090.2535850775978,8.454736763630393
1049,1091.2190513459113,8.407203688437505
1050,1092.282276976247,8.35642565949297
1051,1093.2520642487002,8.309715374208935
1052,1094.2190534579888,8.26384324637786
1053,1095.2816902269428,8.215458298897886
1054,1096.2456911485403,8.175474588934861
1055,1097.2082836217562,8.138923352673942
1056,1098.2645364921561,8.098928149819272
1057,1099.222646279508,8.063824881917327
1058,1100.2707612773272,8.029808912736684
1059,1101.221539615628,7.9936358422235685
1060,1102.1716966623696,7.956851993206527
1061,1103.2142000060253,7.914624883483043
1062,1104.1582605580325,7.8805399595256915
1063,1105.099659974363,7.842899008310155
1064,1106.1336461403987,7.800165972362919
1065,1107.0717086259567,7.761349099919499
1066,1108.0967991548996,7.716355973032137
1067,1109.0230391561697,7.666841113339132
1068,1109.9414210918144,7.612808825459979
1069,1110.9421778227575,7.5511661767407645
1070,1111.8407673611393,7.502686309615854
1071,1112.729534629475,7.454739513704112
1072,1113.6878644101603,7.4110829931593685
1073,1114.5424136206036,7.374974214855371
1074,1115.4583463621843,7.343506077606236
1075,1116.267804342097,7.317342469923574
1076,1117.0553226775462,7.285730375104293
1077,1117.8996079882315,7.252594687097513
1078,1118.6399331030223,7.231783287650416
1079,1119.3578875158719,7.226122215820766
1080,1120.1231408286612,7.222828112197476
1081,1120.8035827991953,7.222872003633171
1082,1121.5448670401797,7.222217139884748
1083,1122.214903283065,7.225709840197368
1084,1122.8821569009183,7.232620673337948
1085,1123.6065448940433,7.24243295042703
1086,1124.26012148519,7.2375027972305475
1087,1124.9722313082816,7.232971885271041
1088,1125.615284865065,7.225936478278044
1089,1126.2539034966553,7.233503886356715
1090,1126.9504572608182,7.242340855703361
1091,1127.5790046795769,7.249588796392004
1092,1128.2635138933886,7.252553196352721
1093,1128.884646537506,7.252143522028405
1094,1129.5685178581828,7.243529672710963
1095,1130.1891011479186,7.234440597214331
1096,1130.8076209352778,7.225840776630719
1097,1131.488848340211,7.2083502756955795
1098,1132.1097421531172,7.184906132557245
1099,1132.79862485181,7.157759827755314
1100,1133.4309237867456,7.137370633223384
1101,1134.0741425727963,7.110910251749743
1102,1134.7802946288987,7.077023805215163
1103,1135.4307488292181,7.038709403554151
1104,1136.14981061919,6.998813645939322
1105,1136.8083366207209,6.9649109612578854
1106,1137.468985751222,6.931909107274237
1107,1138.1986210945247,6.897463211210663
1108,1138.866593258947,6.87399933331065
1109,1139.6097572481035,6.840378967018609
1110,1140.2988228272627,6.803245128864091
1111,1140.9974496382606,6.765989988145662
1112,1141.780403431914,6.731579339170793
1113,1142.5009995653438,6.70840967472941
1114,1143.2362836224665,6.683409964805662
1115,1144.0548551943343,6.660247465648496
1116,1144.812481672658,6.639613229853325
1117,1145.668193074423,6.609251053343911
1118,1146.4532389164083,6.5830796174631985
1119,1147.2556819129045,6.563119654781161
1120,1148.1527857703215,6.541167631467744
1121,1148.9849243824192,6.519424274518627
1122,1149.8270335349891,6.494934965850291
1123,1150.771167019297,6.460840040292936
1124,1151.6469094934957,6.425977043842863
1125,1152.5349647007156,6.385179150070314
1126,1153.528198939306,6.345044984752292
1127,1154.4341180902013,6.311190912592252
1128,1155.4495025927267,6.272110946163224
1129,1156.3845251326918,6.232429849804873
1130,1157.3278834439466,6.200485482931526
1131,1158.3772668029312,6.166946500825873
1132,1159.3375271432237,6.144265201741121
1133,1160.3081594523876,6.122210135171315
1134,1161.3900924653865,6.09453245148697
1135,1162.3827316930615,6.069579507370577
1136,1163.477707776556,6.047288805472419
1137,1164.480921752825,6.03001150891123
1138,1165.4809265854049,6.02436104659202
1139,1166.5930954449643,6.01995440626996
